,0
0,117.130724871
1,89.9036963138
2,128.315096197
3,113.157785456
4,122.457738934
5,111.221207008
6,34.4848856671
7,113.521592301
8,150.888562795
9,83.1913595318
10,118.314984893
11,105.364804773
12,115.43656845
13,47.3582823323
14,190.003674599
15,116.133375231
16,130.091788003
17,39.8532009734
18,116.461915512
19,114.669760076
20,135.543878968
21,39.6763784145
22,151.566243302
23,112.770593211
24,54.9938681242
25,174.031647135
26,56.68456142
27,121.554473413
28,115.65735007
29,78.2941418674
30,38.1097542478
31,152.123399407
32,121.555980663
33,118.414029446
34,112.442099441
35,110.973463846
36,94.1266081129
37,104.700238812
38,68.8205266273
39,49.1991606169
40,49.9282299051
41,185.075134301
42,122.460209278
43,43.6722203067
44,60.9430237895
45,119.514766468
46,109.931544494
47,44.8186623777
48,36.428516232
49,181.71652636
50,106.942491609
51,125.521984243
52,151.264343836
53,97.0840712093
54,47.7344235258
55,121.849528535
56,111.325028015
57,76.2877149511
58,121.683910267
59,85.2909634831
60,29.4280742406
61,124.090318332
62,39.7680995415
63,105.819361927
64,108.758451934
65,118.246238043
66,60.3816240812
67,116.448909787
68,86.1552156448
69,114.049288081
70,39.1499723463
71,111.284046272
72,124.730384294
73,113.14679294
74,116.384793499
75,130.019219178
76,49.645492965
77,43.2838231773
78,20.0970531988
79,37.466261133
80,33.4317793432
81,46.7591202467
82,38.783515898
83,108.413562546
84,124.806126835
85,186.938574798
86,103.079756129
87,151.980754266
88,46.318483573
89,104.965505931
90,118.661807616
91,109.411478616
92,130.814125697
93,180.65196031
94,181.52867513
95,125.089082279
96,176.075800023
97,113.029246172
98,110.289364702
99,42.9908397286
100,131.387680077
101,50.2119136632
102,136.881073931
103,125.463672362
104,106.160818234
105,36.2516221624
106,114.700240346
107,38.7145954706
108,129.560438826
109,103.201358758
110,95.050151177
111,129.241411468
112,98.8953256021
113,158.63286108
114,25.4272115899
115,189.972294292
116,106.283572127
117,12.8268306282
118,97.1123429099
119,83.0375027274
120,39.3300783934
121,169.737758373
122,118.293804708
123,186.993380125
124,120.737831816
125,49.3182584437
126,152.949047159
127,41.3009465359
128,129.701777357
129,47.0372980588
130,49.126550677
131,114.186650603
132,182.307818268
133,117.71542491
134,113.433198085
135,95.942588264
136,100.914126994
137,38.4017331803
138,46.8949083045
139,118.013375673
140,59.2037739173
141,133.593567279
142,132.362324477
143,120.065239845
144,34.0677206903
145,124.67709433
146,55.99201479
147,145.45760455
148,109.198443229
149,154.441547695
150,158.709819027
151,123.910922314
152,67.4305066701
153,120.341035964
154,41.9596802085
155,108.895436197
156,121.192846389
157,154.075056482
158,37.1121926718
159,82.1718886021
160,35.8032175768
161,60.2795583224
162,33.5494350058
163,124.028162333
164,123.830798449
165,88.8107387459
166,35.0003497497
167,129.555026732
168,48.7629559645
169,134.675765131
170,117.92235722
171,99.2866334336
172,35.3167977425
173,108.370984022
174,193.463145034
175,130.073418335
176,94.1100954078
177,32.869101581
178,86.0748805672
179,117.358193747
180,47.3638114397
181,102.378516243
182,153.263546071
183,116.878797472
184,44.0197780107
185,50.5002680437
186,117.298810528
187,46.1863224041
188,37.0594000823
189,79.5828297119
190,41.0687669635
191,106.62508389
192,37.370306813
193,42.0696189486
194,143.583795238
195,120.422857663
196,124.031233972
197,90.8819188685
198,97.4958208433
199,92.7893798385
200,119.348296222
201,130.28928621
202,112.664932949
203,43.9461125045
204,182.201346616
205,156.613138142
206,29.5566687457
207,35.6551593853
208,139.624336507
209,90.1174108712
210,101.156207524
211,117.428490099
212,91.0158976676
213,48.1229413808
214,108.411962729
215,186.389233115
216,145.870636309
217,109.667553789
218,114.988500366
219,40.1303546177
220,116.389868133
221,104.890120793
222,130.357912883
223,63.8922291433
224,39.8554119246
225,98.0916351796
226,32.7260502472
227,115.274538075
228,158.804739625
229,67.9345772627
230,42.4324708035
231,122.5392788
232,133.850474204
233,129.260746099
234,110.670230144
235,34.202855434
236,42.8867375955
237,105.642515189
238,35.3508119565
239,124.924373609
240,144.706838263
241,123.400249046
242,99.5407509385
243,67.8514466408
244,83.2842632352
245,94.9047869835
246,37.9307733019
247,192.681015267
248,38.0663505627
249,118.354096726
250,49.5462807607
251,117.407675693
252,118.454941597
253,112.321720459
254,127.99848844
255,66.840558461
256,42.3730424364
257,146.740645923
258,154.071511513
259,134.339289145
260,113.858759463
261,146.450119003
262,50.5864011902
263,115.154386822
264,113.738929419
265,163.663805925
266,50.0188870381
267,37.3895879377
268,61.917262789
269,116.600306466
270,124.433383974
271,40.7942736696
272,41.5002479152
273,123.428708426
274,36.9330625329
275,130.464400863
276,152.759998203
277,82.5587474852
278,41.4566647741
279,94.1616922672
280,120.901024123
281,35.5184720716
282,92.9478640975
283,42.241580577
284,46.1162788893
285,122.411070415
286,37.2212855778
287,108.72485549
288,40.831137883
289,43.3135512133
290,38.1847032359
291,81.7534412638
292,44.546660394
293,121.890860373
294,154.46203631
295,47.079227872
296,23.9989831073
297,133.339039197
298,111.591208738
299,143.080303978
300,40.4271528267
301,39.7484763154
302,181.840187116
303,88.1447643344
304,42.5177617996
305,99.0646967592
306,27.6344267288
307,168.161573848
308,126.700953609
309,33.9001500773
310,152.587258176
311,51.2275175095
312,116.348665513
313,99.4468744192
314,42.6655820087
315,69.1158438247
316,122.105626865
317,193.013874431
318,41.5666302478
319,99.7272928046
320,38.7898229283
321,109.597634944
322,42.2982677565
323,107.017157773
324,54.4435287861
325,88.3903299912
326,46.1151957053
327,33.5750230462
328,120.495677703
329,36.96871775
330,125.113711565
331,38.5986755082
332,43.6448869809
333,112.688634222
334,110.162683651
335,112.747278112
336,43.0670653421
337,62.3543992359
338,99.4011285907
339,79.3508432014
340,121.515332838
341,123.037750284
342,58.9011178554
343,116.285839891
344,108.309807184
345,151.628853903
346,50.3215184303
347,38.4260702713
348,50.486350266
349,123.219239962
350,41.9813769505
351,131.274823147
352,155.59877804
353,129.297905613
354,110.84987613
355,43.8506870645
356,98.939662136
357,104.624969112
358,90.1403947962
359,36.9347345551
360,59.2524927493
361,110.568491717
362,112.752473792
363,101.129744092
364,115.101655584
365,103.619601014
366,112.206241558
367,129.312685062
368,117.982181613
369,43.6962463793
370,107.089064313
371,49.4785597493
372,27.7522912988
373,40.5914197203
374,122.535581665
375,114.435789706
376,121.240519142
377,40.2542394261
378,106.892942069
379,97.53541347
380,124.888945841
381,114.751953804
382,80.3802133949
383,65.8282741736
384,117.932719441
385,149.413411306
386,46.8080651202
387,27.399044043
388,117.088566412
389,80.5853205357
390,48.4460077828
391,114.774418348
392,88.3819857431
393,122.92220545
394,105.409781857
395,45.5893013111
396,132.053540289
397,132.347237292
398,28.8627371574
399,87.2336620305
400,106.274948513
401,85.5559960724
402,113.315004441
403,126.907588833
404,14.8575885851
405,86.01865591
406,45.9872474965
407,118.381497673
408,39.4720760808
409,122.248169469
410,120.122138708
411,55.1973168469
412,40.8540812928
413,55.5582470618
414,43.795207276
415,154.254183724
416,159.617899829
417,112.884861285
418,109.210360839
419,42.5273601412
420,180.452103452
421,122.721131692
422,172.208114691
423,39.5642562035
424,115.448215107
425,51.927750575
426,62.8812872796
427,82.2377825631
428,31.7989853885
429,34.0563390952
430,105.663347256
431,58.4433213885
432,123.96456728
433,52.0506693786
434,93.2827632563
435,117.633858684
436,39.8763535698
437,49.0103367596
438,104.896969982
439,113.726813247
440,115.846297657
441,103.496053615
442,42.8135198759
443,172.422499641
444,121.313232808
445,39.8885076932
446,110.388769508
447,34.6652925066
448,39.8170700866
449,113.969599758
450,56.6303909454
451,117.475972078
452,116.217556613
453,130.758306291
454,99.3294685376
455,48.9496536797
456,115.858017131
457,154.636684644
458,114.500616446
459,34.6841109337
460,56.1310559476
461,41.5580704453
462,180.286482857
463,83.3509654007
464,107.768055946
465,183.67606004
466,115.557162807
467,35.9904708476
468,52.4890137998
469,124.725572291
470,124.35309166
471,115.408697866
472,107.407586019
473,86.7377839423
474,44.9791152419
475,114.831603333
476,115.398930124
477,43.0538309202
478,46.7617983953
479,42.8973966165
480,102.303891982
481,93.335760536
482,120.985908592
483,50.5358600855
484,90.1390166315
485,46.237512191
486,43.9603053452
487,106.703109212
488,22.5564313431
489,111.94583554
490,159.544190374
491,40.3836234517
492,70.3221528029
493,47.8237719421
494,23.3129463876
495,45.4343447575
496,94.9409521215
497,185.419407643
498,51.0014244085
499,31.3012349111
500,184.670015378
501,154.794803289
502,47.2639912266
503,29.8838961438
504,159.359364608
505,42.0484472836
506,42.9575332656
507,51.437358742
508,107.854425241
509,45.8719196732
510,79.2891539149
511,122.684415869
512,127.359302082
513,133.895577183
514,110.945605249
515,62.4591022755
516,41.3002130064
517,41.9961704331
518,24.8073997323
519,34.325658254
520,117.465516328
521,134.058865421
522,102.722548257
523,73.5183946302
524,102.760134517
525,137.502935666
526,127.998337828
527,124.167679801
528,111.133085832
529,126.144231308
530,116.905652467
531,81.6262893173
532,31.7576637519
533,186.081674292
534,120.769780887
535,113.477158038
536,119.921129396
537,41.5827563807
538,183.944474031
539,115.296284759
540,35.6933508647
541,42.1497054016
542,111.649651409
543,107.232446581
544,41.7530619022
545,103.126145198
546,126.557560818
547,105.07138261
548,44.5445637958
549,139.2912874
550,46.1835766932
551,37.4799918333
552,109.395851119
553,181.910879312
554,131.96636178
555,49.3742132678
556,43.6846010687
557,53.2255168749
558,182.261125499
559,122.185316646
560,43.437696202
561,108.352008012
562,101.042299486
563,108.356945177
564,42.0787430247
565,111.958324117
566,42.9508009837
567,45.830375498
568,57.9674651988
569,196.818935873
570,125.408763796
571,71.2275364234
572,138.643446996
573,123.553242043
574,122.333300008
575,136.412136258
576,114.818486288
577,113.895661211
578,72.6614265252
579,110.61594181
580,112.728181095
581,39.0712278484
582,107.551731366
583,46.7409054163
584,82.2342533937
585,185.899477514
586,98.8363079339
587,46.6988791299
588,40.7497949522
589,46.5091426073
590,118.975546784
591,111.423657618
592,109.390698492
593,101.093388822
594,69.5376085268
595,111.165221722
596,173.528693161
597,131.699593822
598,43.00827093
599,114.843185918
600,130.805580955
601,109.625096097
602,35.8387434117
603,116.945468832
604,113.794573129
605,86.2653109648
606,121.894759376
607,136.84410631
608,112.917573665
609,37.7902014118
610,38.5957223514
611,38.8731273042
612,122.814392977
613,124.586537337
614,44.1904944959
615,48.5718010131
616,37.4738474412
617,26.7554965306
618,135.097730089
619,37.2843664338
620,114.796660315
621,118.972045242
622,60.5661243972
623,99.5985482457
624,111.575825656
625,41.4652979317
626,43.0431874999
627,127.315543204
628,149.075760953
629,119.112119238
630,80.6498285184
631,25.3787892489
632,116.677701725
633,131.523261335
634,119.222116299
635,112.965529894
636,131.227206589
637,92.6502778558
638,46.0081094383
639,34.9400434591
640,154.891308002
641,81.7917089637
642,50.4614754871
643,53.9541860258
644,52.5402984222
645,120.026733845
646,107.774439167
647,35.0170885779
648,107.971718158
649,37.7874040955
650,38.1961639642
651,158.718317199
652,124.453532444
653,133.017298481
654,131.088864539
655,119.652507885
656,109.053064502
657,113.860506946
658,132.369743175
659,36.1934781752
660,31.324144933
661,115.512386207
662,35.4912814234
663,41.1578437613
664,32.148150845
665,57.0156628652
666,73.5807631872
667,109.996213327
668,115.507005416
669,121.048323
670,113.39727882
671,119.01174419
672,71.6207156899
673,103.953168576
674,58.4896337333
675,96.1782010658
676,124.222973334
677,88.328346796
678,111.484670204
679,109.670556577
680,131.247118051
681,163.937569058
682,156.137551712
683,114.651258818
684,36.2515262736
685,127.044499258
686,42.5232730308
687,45.9349240937
688,80.122896623
689,155.331097732
690,119.988653252
691,135.068631546
692,171.181844518
693,146.106701437
694,111.162114443
695,132.262261371
696,115.034645721
697,53.5858209513
698,117.634010172
699,159.392244696
700,109.614112829
701,112.929135373
702,43.4378365202
703,46.1359422084
704,117.144821425
705,129.368407732
706,102.881817137
707,104.095239873
708,132.313076321
709,150.66851543
710,59.5671605444
711,102.191989837
712,38.3443419255
713,89.4481869957
714,112.086563909
715,125.543673518
716,33.4389726493
717,127.954439556
718,42.0337437885
719,124.728580383
720,123.538349048
721,47.1995828769
722,35.5210195956
723,47.3124314474
724,123.49748213
725,105.69464893
726,44.9241146428
727,157.023628374
728,46.3766864136
729,34.1994985911
730,114.603803577
731,111.024128362
732,185.134185305
733,106.825130663
734,41.7150647181
735,53.7855275355
736,107.941468312
737,92.5207159943
738,43.8889914558
739,92.397804535
740,108.501189538
741,41.2058902937
742,119.579690297
743,110.837377361
744,39.3714956966
745,59.8724300223
746,83.0802282286
747,99.8805886866
748,95.8465074483
749,156.392505299
750,56.3414064371
751,107.783592215
752,31.2217040236
753,82.3267266677
754,124.699289929
755,38.5770298463
756,122.465939497
757,130.318367215
758,44.2660441263
759,21.9404941561
760,111.664460781
761,153.624689011
762,186.55897833
763,44.2019156205
764,125.088202747
765,60.7660986408
766,34.3166406017
767,42.0295927141
768,37.2669729867
769,92.3959996
770,116.371708637
771,125.144737371
772,50.7411357967
773,56.8099385193
774,112.295562005
775,108.984024226
776,183.566344327
777,125.712299666
778,119.922138344
779,118.694383203
780,92.4675792191
781,118.548155083
782,41.3775072955
783,42.3769256359
784,39.1009824849
785,91.6162308852
786,41.7068766591
787,51.387412243
788,36.5923556556
789,98.8942108608
790,36.4617828414
791,130.357463461
792,78.7863239079
793,47.5380880603
794,46.8008699821
795,81.9847831183
796,73.8143731211
797,174.474490372
798,101.566651508
799,65.9015831483
800,117.111462623
801,50.6786464451
802,80.3081713927
803,41.2815384699
804,184.941928961
805,44.2622500775
806,150.7044093
807,110.97042593
808,133.342150401
809,81.766439659
810,113.284836886
811,138.079579427
812,41.6164784833
813,43.1502313117
814,86.9597782727
815,104.177064825
816,6.9642475615
817,130.265842198
818,189.68117258
819,159.214656326
820,99.6653643678
821,90.7557490901
822,155.799820883
823,132.982343175
824,42.698221589
825,95.3235135916
826,119.07075557
827,90.4158916872
828,119.520627424
829,22.5147879488
830,38.2294537925
831,130.39765733
832,86.1695505891
833,130.433606303
834,43.3802030406
835,115.108288647
836,31.820859907
837,119.470089237
838,67.3053823456
839,79.1100543364
840,40.2744604771
841,38.8120623621
842,111.153792825
843,125.827983349
844,46.3233524424
845,99.8428031057
846,124.096711217
847,41.821583531
848,50.5294198083
849,45.9986516444
850,71.0317211199
851,90.2548886217
852,188.635968514
853,119.02098336
854,119.824628721
855,107.974813074
856,44.7303598219
857,137.302014581
858,41.5594268668
859,37.1755796817
860,102.06027754
861,114.379963065
862,113.610662868
863,115.381763696
864,111.272528971
865,41.2774256156
866,36.4808586558
867,105.130782488
868,41.5170507809
869,60.2871155635
870,58.0219394674
871,190.69676069
872,38.8694220025
873,48.1201295082
874,90.6297628545
875,111.365806189
876,39.5881134799
877,121.75518304
878,41.7991486466
879,41.4199881728
880,35.6706430531
881,78.8654863163
882,115.518357269
883,123.726312385
884,36.4577650078
885,125.708480163
886,39.9818619253
887,128.249400196
888,115.328150438
889,93.0928878817
890,131.448136898
891,45.9064370029
892,40.0544549743
893,80.3392500748
894,37.779976852
895,116.441585682
896,133.367695781
897,105.077500235
898,35.1306247312
899,188.83687686
900,81.0100808796
901,35.0219167574
902,43.5074758497
903,118.143894407
904,115.461365124
905,101.051262591
906,44.3503163464
907,126.744247431
908,33.5829511313
909,20.3688584068
910,181.878344426
911,126.655880554
912,74.1500135415
913,136.691697457
914,110.94873202
915,39.5692990456
916,79.179422483
917,128.883500787
918,113.325236863
919,128.302467682
920,47.4775740632
921,119.621706565
922,40.5768496551
923,123.403545654
924,113.64575111
925,38.4945436032
926,87.1202770387
927,114.239091888
928,107.64937023
929,48.5667584768
930,112.302919999
931,110.437145793
932,124.116338076
933,28.9638611542
934,44.5877957079
935,103.249943263
936,108.815847472
937,159.363081779
938,99.3653079187
939,50.3491616488
940,113.986295434
941,112.573897255
942,124.553952003
943,46.4496432769
944,41.2833479332
945,107.926525852
946,35.8045345779
947,40.5651819664
948,59.437740154
949,114.413118638
950,91.7284393485
951,39.5894206457
952,119.804861617
953,51.9298108288
954,185.041959418
955,42.3157004391
956,50.9876067662
957,97.3240392403
958,115.209401858
959,124.331153557
960,41.9548386026
961,117.848682699
962,109.838396963
963,104.825429829
964,113.010388278
965,43.4543775476
966,124.156906323
967,38.7756954899
968,125.336410239
969,41.7625254695
970,29.4360062975
971,68.3638466174
972,122.728807407
973,189.70493241
974,105.632178459
975,127.255681056
976,121.246082828
977,44.9197552081
978,50.1020367142
979,111.002132186
980,43.3659293765
981,41.4718371867
982,186.081933505
983,59.8084546991
984,39.1382342056
985,127.392248259
986,44.8967492198
987,112.031684782
988,104.272292456
989,109.53827905
990,87.7212173221
991,122.813979899
992,107.522486661
993,122.726836811
994,32.3624793613
995,102.931141234
996,148.893804352
997,113.55268715
998,44.3914415181
999,56.9378504145
1000,50.4880298753
1001,84.4227778505
1002,46.6165475068
1003,37.063244926
1004,51.4962624147
1005,42.4499392293
1006,114.415668413
1007,127.796430001
1008,128.17309075
1009,123.348654628
1010,108.0065341
1011,45.2890221491
1012,129.521594889
1013,125.817873989
1014,43.2922609117
1015,109.073860733
1016,31.044813275
1017,124.128756947
1018,169.958077188
1019,107.599120731
1020,100.901979042
1021,126.449779378
1022,110.113027043
1023,42.3408570122
1024,40.0446619605
1025,39.4180443542
1026,40.5166713015
1027,54.081628783
1028,47.417107592
1029,142.510830867
1030,46.4082008114
1031,44.4138974984
1032,111.958527434
1033,116.632412654
1034,102.753685772
1035,116.194195834
1036,187.210803955
1037,95.6293301929
1038,44.9300739045
1039,129.69331995
1040,126.022636736
1041,126.012801134
1042,34.047510236
1043,106.52965203
1044,157.875876473
1045,42.9224176681
1046,116.333694337
1047,137.378821007
1048,125.234889307
1049,34.5471929609
1050,106.23803037
1051,101.634035445
1052,99.148641252
1053,79.5711889965
1054,38.3942459912
1055,140.033734153
1056,52.0529083676
1057,126.642792465
1058,100.500779712
1059,129.65011491
1060,111.92850774
1061,132.783014727
1062,182.32078616
1063,41.8269146415
1064,135.559140298
1065,109.640944002
1066,128.395182935
1067,133.469234
1068,38.6426172087
1069,132.179933655
1070,79.8119724377
1071,112.504182258
1072,107.406151671
1073,40.0535658908
1074,113.699513053
1075,103.228604615
1076,118.519514621
1077,33.1718014893
1078,29.898755113
1079,40.0772475789
1080,98.2975819392
1081,184.81581706
1082,89.7378445995
1083,75.296776949
1084,40.9306197338
1085,136.562506156
1086,38.6726703091
1087,52.6170788742
1088,46.3498577679
1089,36.3722672576
1090,56.0391034063
1091,48.1327537551
1092,49.0628608277
1093,61.1390844478
1094,151.323584079
1095,101.159527637
1096,46.9961184551
1097,36.8896210211
1098,47.7435261655
1099,37.4014389861
1100,45.7368697064
1101,93.7573395303
1102,102.408926103
1103,130.276142749
1104,26.2586907787
1105,97.9991893116
1106,101.725369936
1107,112.146071385
1108,114.456614025
1109,134.524948758
1110,111.085682291
1111,107.288504446
1112,58.7659804418
1113,49.1482035201
1114,37.0183802236
1115,38.5026579592
1116,137.738484312
1117,114.037579465
1118,49.7310707474
1119,94.6460295256
1120,79.5079930859
1121,151.832503688
1122,120.691019833
1123,51.7523886436
1124,112.518022997
1125,42.4042302056
1126,176.115541324
1127,58.0918262855
1128,39.9311259448
1129,35.4134490386
1130,39.969311319
1131,114.271285975
1132,61.6288182189
1133,37.4265122996
1134,46.0199355737
1135,77.0758598264
1136,106.501865244
1137,159.709320508
1138,108.096012124
1139,184.483761601
1140,59.26896581
1141,135.033289758
1142,89.8571138369
1143,82.8536642719
1144,79.0268875218
1145,124.055573379
1146,46.0685585967
1147,44.8663497762
1148,83.2226730312
1149,125.208961333
1150,106.808230759
1151,38.2382376678
1152,111.735466457
1153,108.546103923
1154,129.182866341
1155,43.452371999
1156,31.6027004683
1157,37.3336542147
1158,106.672978676
1159,182.939579797
1160,89.4440358738
1161,32.2875156028
1162,116.161109905
1163,107.281896339
1164,111.309338238
1165,136.640086559
1166,66.092195812
1167,128.335885792
1168,119.058930056
1169,118.159948266
1170,112.347009298
1171,119.912516134
1172,179.954076641
1173,94.7688590939
1174,55.0092802221
1175,38.3144476667
1176,109.913602588
1177,37.9891061614
1178,133.849137407
1179,118.927687645
1180,108.571873165
1181,104.591548568
1182,108.669358378
1183,125.572018081
1184,47.4345395369
1185,130.733268579
1186,39.0250144506
1187,108.061043756
1188,43.2727301645
1189,109.913160177
1190,154.124084262
1191,107.694090076
1192,54.8864732738
1193,102.735083321
1194,41.693651907
1195,122.13815472
1196,45.0331683883
1197,81.5066596193
1198,131.012728062
1199,126.180731741
1200,102.703779838
1201,155.940004435
1202,38.355151713
1203,46.3698736243
1204,113.422826645
1205,177.486655254
1206,44.605156356
1207,124.927446579
1208,116.666544781
1209,39.0084011064
1210,42.1837787257
1211,130.578999516
1212,60.6524777576
1213,37.7008277144
1214,35.8046751111
1215,183.287976903
1216,98.8008748585
1217,43.5907005104
1218,47.5720263516
1219,125.235750234
1220,90.7775625041
1221,110.033481312
1222,44.1150151728
1223,36.7183948755
1224,112.832673697
1225,100.603159022
1226,30.2723811341
1227,127.022012641
1228,102.294515287
1229,57.3440261116
1230,184.238769781
1231,176.619265964
1232,108.747030246
1233,81.2130817462
1234,118.605450685
1235,107.642150279
1236,129.770409776
1237,188.923156856
1238,109.105544002
1239,120.08558818
1240,86.3707361566
1241,152.925470333
1242,115.878514396
1243,32.9796527536
1244,122.082915046
1245,123.108396167
1246,40.1349590525
1247,32.4946564478
1248,42.9291152272
1249,39.3286155915
1250,163.346537239
1251,121.230147826
1252,77.9486833647
1253,119.421246867
1254,155.626836962
1255,186.147073863
1256,36.4887352879
1257,37.0423798867
1258,120.153365616
1259,117.356989125
1260,117.381495673
1261,110.210144904
1262,155.043522343
1263,48.7539398166
1264,107.711719209
1265,107.818610584
1266,114.416668451
1267,110.258645629
1268,136.27284365
1269,113.188291205
1270,107.833199311
1271,27.0098966756
1272,99.3764442118
1273,103.127593576
1274,54.3936058917
1275,138.42327895
1276,106.938810427
1277,118.26289925
1278,93.6046693956
1279,114.33580829
1280,108.488286954
1281,60.32297031
1282,15.6808968594
1283,105.416325373
1284,33.9425772064
1285,108.047220817
1286,114.298765169
1287,40.7713240105
1288,160.59324676
1289,118.749480051
1290,102.950485052
1291,44.2163873278
1292,111.115216478
1293,100.33242765
1294,188.359043752
1295,116.198513761
1296,125.413843705
1297,106.448129315
1298,40.9111583981
1299,49.5469876761
1300,57.1106555853
1301,100.885483042
1302,51.9339845165
1303,46.3192811613
1304,84.3220920465
1305,37.1283588706
1306,38.1670094845
1307,52.6308601618
1308,122.187325595
1309,87.198308405
1310,118.062258572
1311,39.8127487002
1312,192.616286254
1313,52.4942721214
1314,125.964950763
1315,35.5919306133
1316,50.4212397629
1317,149.057978524
1318,36.7172844621
1319,94.0295077076
1320,115.212132291
1321,108.847344253
1322,120.675402875
1323,119.832055604
1324,140.195889679
1325,36.9782283533
1326,101.91549722
1327,107.018939444
1328,106.011295441
1329,53.0933057944
1330,122.333799736
1331,124.078462662
1332,147.014481954
1333,149.429419707
1334,41.331842159
1335,73.080628451
1336,124.780483539
1337,137.209733228
1338,40.3934598393
1339,157.065103951
1340,131.002437427
1341,115.853291139
1342,116.22333548
1343,118.191344395
1344,122.624343969
1345,88.9344177812
1346,114.436931307
1347,131.539998046
1348,127.176752483
1349,46.1590507638
1350,108.757766106
1351,37.2310214587
1352,34.8337821345
1353,120.177840827
1354,170.202559142
1355,113.29333395
1356,124.557554236
1357,117.187429931
1358,40.8537253727
1359,91.1117390217
1360,113.436434426
1361,39.9952731024
1362,114.251015147
1363,47.5835101285
1364,117.596370681
1365,78.3196784432
1366,187.777819275
1367,99.7355520077
1368,178.769299595
1369,42.5842586189
1370,131.404843674
1371,111.907505912
1372,56.2071251164
1373,120.593504053
1374,43.4032409194
1375,45.4481018564
1376,37.111097098
1377,112.690131395
1378,44.5037729458
1379,104.848151704
1380,107.105751465
1381,110.573092586
1382,40.0311814768
1383,48.7867142631
1384,116.001978141
1385,37.0356591213
1386,49.9870676221
1387,102.673408744
1388,46.3955679172
1389,114.722980825
1390,123.386301739
1391,123.635670154
1392,91.103103061
1393,41.1962919394
1394,37.593970446
1395,114.316670125
1396,54.6387472805
1397,42.9010180269
1398,42.1024335851
1399,27.3235328012
1400,31.3586002241
1401,184.350637592
1402,36.9572588217
1403,115.905853476
1404,44.6525861729
1405,55.2873313427
1406,108.63022362
1407,49.0133108556
1408,110.036738167
1409,66.1372060559
1410,137.185042408
1411,46.9370430438
1412,130.322756582
1413,32.6855490536
1414,110.48614234
1415,116.468651276
1416,45.2336990286
1417,49.8814959188
1418,49.0726286309
1419,112.901805639
1420,132.376401744
1421,45.2929032217
1422,56.0657849896
1423,134.582855568
1424,47.5575876497
1425,138.289933182
1426,112.037995274
1427,111.122292938
1428,117.90032941
1429,88.5679024665
1430,54.5748696957
1431,24.5197716792
1432,81.6781819454
1433,86.2547374121
1434,94.5273926435
1435,107.534357711
1436,39.3070964763
1437,39.8058631507
1438,107.264129195
1439,85.6086008558
1440,78.1213571517
1441,108.512656535
1442,113.997433586
1443,126.57634133
1444,132.322666669
1445,28.5046429227
1446,109.674790688
1447,126.297998151
1448,39.9138156084
1449,127.87566815
1450,39.8065374488
1451,61.7811267367
1452,88.0573465276
1453,128.472171187
1454,115.981937162
1455,38.5017748062
1456,81.7000700445
1457,124.346388449
1458,75.7485560855
1459,51.3800628108
1460,44.5206277655
1461,68.4169290581
1462,45.6493442381
1463,37.2587600601
1464,41.9964785959
1465,157.983113451
1466,68.4437221844
1467,130.156910284
1468,21.9598842186
1469,32.3465858185
1470,57.4616587366
1471,67.8288982166
1472,117.451911551
1473,123.79709836
1474,118.147637273
1475,109.629560629
1476,110.860328718
1477,131.549456927
1478,45.2922618984
1479,37.3341968907
1480,117.368767359
1481,117.371678205
1482,183.880841941
1483,148.833368071
1484,129.104962668
1485,45.6587747591
1486,32.0980500699
1487,143.052332746
1488,113.588651627
1489,45.8759707205
1490,136.853282172
1491,85.5974067432
1492,88.3198735276
1493,35.898036431
1494,134.595983009
1495,86.8879973751
1496,134.721701207
1497,130.115119562
1498,108.763920477
1499,37.3690305128
1500,111.348831931
1501,115.446765875
1502,37.2305437083
1503,85.2981777015
1504,65.3708476724
1505,110.437584976
1506,40.6937914952
1507,41.2838412286
1508,101.947253613
1509,129.046556212
1510,109.398151662
1511,125.050191923
1512,42.8958480931
1513,126.724856164
1514,41.5088411958
1515,127.95105123
1516,45.9296535552
1517,78.4937058376
1518,46.5096448349
1519,116.484242851
1520,41.5326065324
1521,128.970882212
1522,117.740928159
1523,83.203464854
1524,108.817875797
1525,72.0589262443
1526,110.899254131
1527,135.535541332
1528,153.99257166
1529,113.735152469
1530,131.488153989
1531,46.5566371084
1532,37.5105683424
1533,117.46069075
1534,97.0055076399
1535,69.6483219818
1536,34.925838707
1537,108.460303323
1538,105.083348823
1539,115.182429748
1540,44.9495580155
1541,107.126819366
1542,128.163897437
1543,40.1968569693
1544,105.93228082
1545,45.7591030001
1546,105.843239396
1547,126.961863036
1548,83.225268136
1549,110.824988084
1550,119.465847509
1551,119.257177293
1552,137.951165271
1553,129.621234467
1554,120.397103302
1555,191.301979398
1556,105.317459394
1557,186.554529973
1558,43.0804006667
1559,34.6679712716
1560,117.709344844
1561,109.230542751
1562,39.6991836989
1563,110.31860324
1564,127.376352512
1565,105.857281859
1566,105.021261944
1567,137.901263794
1568,113.529303022
1569,89.6914056433
1570,43.9348215221
1571,117.008153495
1572,112.674101898
1573,105.939215744
1574,131.105203983
1575,106.399653512
1576,52.1548067574
1577,126.777189516
1578,36.0715588189
1579,126.173054235
1580,63.2914537021
1581,85.3249594756
1582,185.273651824
1583,50.4868046393
1584,115.069591939
1585,34.5910015231
1586,118.393514229
1587,106.879464669
1588,18.8511536767
1589,41.0616530547
1590,71.248113957
1591,116.135834384
1592,41.5870915019
1593,40.7321851027
1594,105.873907731
1595,108.580070053
1596,87.3416676724
1597,152.963295929
1598,42.042110639
1599,110.545820008
1600,95.5421998704
1601,126.466027579
1602,127.455207866
1603,77.0622182452
1604,131.234318217
1605,79.3038722433
1606,37.6390041094
1607,47.2986396414
1608,112.843647232
1609,47.1591598224
1610,114.653881823
1611,43.0113594781
1612,126.994863231
1613,50.8004076987
1614,110.660638391
1615,39.1819575782
1616,123.541414131
1617,45.8212396567
1618,182.195418485
1619,115.983450587
1620,120.579470177
1621,110.963463921
1622,109.823073586
1623,119.544035198
1624,104.957053829
1625,48.2575544191
1626,104.557582082
1627,101.424668773
1628,50.0665672513
1629,103.057684699
1630,41.0532795312
1631,42.4351402062
1632,39.0402984577
1633,183.465647311
1634,134.307684494
1635,34.4686759613
1636,174.396075452
1637,141.769348432
1638,97.9171455106
1639,110.675425612
1640,155.520418502
1641,124.205016347
1642,36.9469584671
1643,115.579848325
1644,114.898601502
1645,82.6944245646
1646,68.667679745
1647,123.010172794
1648,129.802639856
1649,114.046959426
1650,47.1561524242
1651,117.152426947
1652,41.1081396638
1653,115.449003772
1654,110.113401266
1655,59.2819117165
1656,110.852270829
1657,122.720619228
1658,33.8033760679
1659,55.2124780709
1660,35.7580830325
1661,113.94888485
1662,187.961984137
1663,117.205612323
1664,41.0940814452
1665,118.618591636
1666,127.205657415
1667,128.606890361
1668,107.942165997
1669,114.554115367
1670,52.0901926922
1671,33.0482984817
1672,57.1928308018
1673,48.2752449877
1674,39.3150953267
1675,126.003595877
1676,36.6380613189
1677,59.3545274206
1678,117.618722046
1679,35.0610587877
1680,106.732082378
1681,107.670403286
1682,52.9723396727
1683,112.82882609
1684,38.1743596209
1685,130.795690095
1686,128.936879735
1687,117.174003369
1688,44.1950045438
1689,39.7080126996
1690,56.7710021021
1691,45.2330589966
1692,134.204994152
1693,88.7838659337
1694,124.691048374
1695,116.649975587
1696,108.182695292
1697,50.6183252397
1698,91.4727075471
1699,108.291288157
1700,136.011498421
1701,98.7498111725
1702,108.423877
1703,124.506040871
1704,105.002301905
1705,109.833211453
1706,121.070815463
1707,183.072886829
1708,40.7355581675
1709,45.4959216311
1710,106.308365719
1711,92.2212057603
1712,147.846209487
1713,46.7630961502
1714,109.589377807
1715,121.830919844
1716,41.960533484
1717,107.69849624
1718,130.541739821
1719,125.12388991
1720,113.198854838
1721,189.403951723
1722,37.7741157505
1723,40.1274447059
1724,124.630061034
1725,81.293727599
1726,120.300260349
1727,49.7539396723
1728,92.3222097096
1729,123.518502593
1730,107.672907524
1731,150.509116581
1732,126.845461542
1733,114.542256857
1734,51.4230836086
1735,131.476060215
1736,181.535307535
1737,48.7326294028
1738,88.2664350494
1739,37.8673758582
1740,179.009083961
1741,46.3114153206
1742,112.165016028
1743,115.840187238
1744,112.936093118
1745,128.546998211
1746,111.392215811
1747,123.415726337
1748,135.756849584
1749,122.841746144
1750,48.5238622999
1751,48.3430137438
1752,133.741665614
1753,46.094580983
1754,87.0714368946
1755,138.523359645
1756,102.909992376
1757,83.7735730947
1758,108.912038506
1759,41.2033793675
1760,41.8448256437
1761,182.045971534
1762,111.457442863
1763,105.595375858
1764,40.0962152436
1765,42.684361895
1766,61.8493729831
1767,185.045313415
1768,89.4931525883
1769,73.0109323455
1770,186.451711195
1771,132.924980037
1772,36.0268268612
1773,97.2054894216
1774,188.501622056
1775,154.608196823
1776,57.7232381661
1777,29.0459967786
1778,132.5617438
1779,49.2539352268
1780,51.5616983234
1781,123.826259539
1782,37.2822965614
1783,113.913157113
1784,34.7484651294
1785,98.5030964724
1786,79.5716944085
1787,66.914129468
1788,185.005952504
1789,111.025447921
1790,57.0429609817
1791,57.1301837377
1792,112.181029537
1793,40.221407358
1794,81.0456764307
1795,43.5862688847
1796,123.102170527
1797,86.0738680711
1798,111.6712809
1799,63.0514318574
1800,44.1534452152
1801,202.862734687
1802,130.890750326
1803,136.032483507
1804,25.8136490894
1805,150.662317794
1806,52.6369570088
1807,47.6573762561
1808,38.9434264663
1809,48.6469617691
1810,117.544271646
1811,129.536264178
1812,130.448908837
1813,64.655968322
1814,108.874848846
1815,114.411996288
1816,182.270769297
1817,44.6166338427
1818,49.9538912628
1819,199.872283608
1820,37.1723943551
1821,148.88997251
1822,91.3654759424
1823,34.25732894
1824,117.2168602
1825,129.566040402
1826,32.2438734584
1827,79.8434540023
1828,158.769874717
1829,62.8717223804
1830,50.6465371826
1831,126.400270236
1832,44.139801165
1833,99.2728097755
1834,37.5116333117
1835,121.629009389
1836,124.834350104
1837,123.014101711
1838,117.843707529
1839,40.6688813194
1840,133.778571742
1841,42.3298051786
1842,41.4974515007
1843,156.1408616
1844,119.443105583
1845,125.157253343
1846,38.0856603422
1847,129.143738886
1848,117.690334203
1849,129.346071795
1850,32.9570760371
1851,131.322713043
1852,37.0930578114
1853,116.840408626
1854,135.523953716
1855,32.6122010375
1856,44.9552460028
1857,56.0301349256
1858,38.9556967145
1859,87.3852505077
1860,114.562774838
1861,175.990623176
1862,89.5929603537
1863,42.0911640965
1864,47.0806789393
1865,110.219362933
1866,33.7721263825
1867,36.6836597355
1868,47.8360068767
1869,110.211374902
1870,77.1168359486
1871,26.7665461261
1872,114.852222589
1873,40.2903407791
1874,136.758456557
1875,125.060142824
1876,33.041706886
1877,120.227164277
1878,158.966984851
1879,37.9276782451
1880,60.6972115681
1881,109.733841763
1882,42.4151957593
1883,160.712015684
1884,79.2081910952
1885,43.674284526
1886,45.1041616873
1887,43.1641194049
1888,97.4237762908
1889,37.894118489
1890,36.610352083
1891,45.6226723499
1892,118.312882868
1893,63.7872941996
1894,71.3017250376
1895,40.3150443154
1896,140.78470313
1897,130.085620153
1898,126.940079566
1899,101.061161667
1900,101.92888297
1901,118.845476006
1902,148.393545208
1903,116.6629502
1904,122.98354007
1905,160.730289682
1906,158.341390975
1907,96.6798354077
1908,42.9224275046
1909,136.172652928
1910,132.21214291
1911,22.3852692587
1912,39.1147371734
1913,39.2019538454
1914,116.854121821
1915,127.423736276
1916,138.684602107
1917,116.903795626
1918,177.74526771
1919,115.304690724
1920,44.6797756251
1921,141.673460845
1922,52.0359725656
1923,47.0102565684
1924,114.427414646
1925,108.179454021
1926,37.5418831051
1927,50.7154569983
1928,75.9759760066
1929,113.316310244
1930,39.3623201978
1931,138.64466293
1932,150.936358767
1933,41.4287480566
1934,128.869684568
1935,39.7609014018
1936,123.749545307
1937,95.9867915074
1938,82.614268866
1939,151.531447275
1940,124.659888389
1941,14.0273469227
1942,129.794573231
1943,99.8432634981
1944,120.596032676
1945,131.819900376
1946,36.7872187873
1947,88.3156414055
1948,117.578322925
1949,35.4600158407
1950,108.354040964
1951,111.804015695
1952,152.813003472
1953,131.056699704
1954,114.953889272
1955,78.4162785973
1956,119.164166675
1957,37.5103376154
1958,117.013622132
1959,124.028796593
1960,34.0745123772
1961,110.379974698
1962,42.3227141309
1963,101.623630112
1964,119.461424093
1965,83.4758944305
1966,112.258760503
1967,129.061672226
1968,40.8365938977
1969,44.9014964963
1970,28.6650262753
1971,109.372252587
1972,33.1941604991
1973,120.210820588
1974,127.006257325
1975,105.02208181
1976,48.0044608869
1977,119.731107761
1978,183.707246529
1979,186.110093434
1980,98.7176667065
1981,131.637366826
1982,185.022169163
1983,89.4589117759
1984,87.4711110612
1985,116.486314294
1986,121.978790347
1987,44.6022823403
1988,38.547264302
1989,47.5887047338
1990,50.3166230881
1991,128.005717323
1992,42.7924299394
1993,115.040872433
1994,48.2457106272
1995,111.53963748
1996,113.662814828
1997,126.876829085
1998,57.6031237473
1999,124.798070837
2000,37.517041781
2001,41.2242187521
2002,42.9646572407
2003,46.1337478432
2004,32.4413111843
2005,117.783532982
2006,39.0192133798
2007,115.177212217
2008,183.358952285
2009,60.6574747971
2010,27.38199345
2011,31.8392986721
2012,134.133202917
2013,63.7675196434
2014,40.013249355
2015,33.0264118796
2016,32.2573321547
2017,109.098920553
2018,114.388745907
2019,48.5590053149
2020,123.480098456
2021,126.748142593
2022,104.494585145
2023,24.86486363
2024,83.4954773017
2025,126.342104745
2026,129.006534975
2027,56.1333545735
2028,48.6608419159
2029,117.918561434
2030,128.917685554
2031,113.176372645
2032,57.6282116788
2033,103.083510345
2034,98.6354278902
2035,133.438437482
2036,60.0024514904
2037,123.679710146
2038,35.9965955537
2039,103.222347256
2040,43.7081911622
2041,126.318557249
2042,111.832457328
2043,195.628163215
2044,110.991640322
2045,135.882211708
2046,128.37356374
2047,111.943004663
2048,108.776569036
2049,108.670179741
2050,41.3870949247
2051,55.2449070816
2052,54.504464368
2053,109.571110521
2054,131.567779718
2055,91.6033549315
2056,115.658244461
2057,126.739021208
2058,37.5641678756
2059,69.5428282403
2060,109.360032403
2061,46.0004934879
2062,84.8545487693
2063,177.701622326
2064,110.402530515
2065,28.2885164091
2066,39.456488853
2067,132.707354899
2068,108.615956948
2069,118.440994693
2070,43.8548332177
2071,90.5688608655
2072,57.4959897741
2073,138.284204784
2074,117.83161444
2075,115.862155593
2076,118.063019767
2077,119.619322977
2078,134.785330965
2079,41.3640107244
2080,29.5275216697
2081,87.8238595232
2082,119.031693956
2083,50.5999836565
2084,39.4465693161
2085,117.031082415
2086,107.995979069
2087,115.336554457
2088,110.461198715
2089,170.679912082
2090,99.8529714124
2091,106.908514859
2092,41.5838778627
2093,35.5515856466
2094,38.1740082071
2095,51.1273551447
2096,113.745469134
2097,196.493171367
2098,127.126415487
2099,151.224970165
2100,64.0749460378
2101,137.084433676
2102,44.5032519388
2103,53.0103944373
2104,112.771123992
2105,119.403821046
2106,112.763677982
2107,101.943233653
2108,36.5771356902
2109,132.11053607
2110,62.1960230257
2111,124.314934648
2112,35.788397579
2113,49.1727788022
2114,54.9072077807
2115,65.9159249891
2116,150.995656195
2117,46.9184426209
2118,66.0797675453
2119,39.002606719
2120,102.156155504
2121,103.462486184
2122,106.402684699
2123,194.671116147
2124,42.6973476261
2125,119.228209319
2126,81.4949954337
2127,41.1733419311
2128,117.501235484
2129,54.1794742894
2130,31.99445721
2131,63.6936700581
2132,52.5887563443
2133,40.3018334315
2134,36.8885362111
2135,125.004328296
2136,156.573600818
2137,186.361701599
2138,155.618697783
2139,59.3877982719
2140,42.7920428665
2141,28.3037005776
2142,37.6294466078
2143,126.617216737
2144,101.913948622
2145,83.6144952721
2146,45.3003255633
2147,124.169141207
2148,99.0440526013
2149,43.3957721271
2150,107.557864977
2151,42.700664161
2152,109.750750791
2153,155.117494369
2154,101.013143236
2155,66.0210939562
2156,119.158542245
2157,40.9944327877
2158,47.9863667569
2159,109.978142051
2160,96.6667543125
2161,131.667994952
2162,112.435449929
2163,51.2416677459
2164,38.1441656238
2165,43.7344866783
2166,108.502204266
2167,42.086542011
2168,115.126593889
2169,79.5322132203
2170,26.6799242747
2171,34.6026198467
2172,56.7449039822
2173,129.264695981
2174,40.2756263765
2175,51.9274488358
2176,125.701680957
2177,105.684206232
2178,178.60248385
2179,41.8605761117
2180,50.1843107059
2181,43.4331679682
2182,44.372099577
2183,132.264131557
2184,183.239593657
2185,106.884001934
2186,44.8362411758
2187,40.1621650749
2188,133.456116102
2189,99.040121314
2190,127.466779588
2191,113.958249776
2192,40.5984684879
2193,116.298883121
2194,155.322270033
2195,120.483580877
2196,137.294774871
2197,95.3856225423
2198,104.942347829
2199,41.8575149152
2200,110.586671702
2201,45.75827479
2202,107.318301212
2203,37.4618125375
2204,127.005850289
2205,122.328597165
2206,123.057479478
2207,108.230901094
2208,138.168555483
2209,138.493503273
2210,107.008363509
2211,31.2977660789
2212,32.0792441448
2213,40.7172857631
2214,129.875756176
2215,36.2615594758
2216,101.773995783
2217,181.609295186
2218,46.8358415245
2219,120.483116485
2220,22.429958604
2221,43.4897447476
2222,43.9931638693
2223,105.855009536
2224,39.1876441301
2225,88.5497735275
2226,42.2932260154
2227,42.3031576892
2228,185.22035032
2229,119.578382071
2230,21.114834386
2231,88.4847991132
2232,39.4589346631
2233,116.248583645
2234,186.495731046
2235,121.339195952
2236,44.4050037771
2237,112.412499471
2238,91.0695018088
2239,104.104736259
2240,129.729636808
2241,157.485210378
2242,55.8723939026
2243,44.8253632283
2244,41.6912025423
2245,84.2009892491
2246,87.3984782101
2247,38.2133096868
2248,53.1425478212
2249,41.262704155
2250,39.9405803915
2251,152.100991238
2252,89.9602570308
2253,116.726189823
2254,95.2832285927
2255,106.770654556
2256,55.4472317546
2257,116.324582722
2258,124.952105211
2259,98.2834108388
2260,40.1835515636
2261,33.8029696539
2262,111.469183789
2263,42.8581717021
2264,35.880519673
2265,103.932660188
2266,112.729171095
2267,37.681360066
2268,155.239462747
2269,185.011556706
2270,121.625717039
2271,113.772682051
2272,26.1935774514
2273,41.9108489124
2274,123.946662931
2275,111.993476136
2276,45.9311400154
2277,86.3015199631
2278,35.1898360817
2279,50.2032118144
2280,82.4509633739
2281,47.9071333298
2282,123.686009409
2283,61.7410033469
2284,14.3287816783
2285,134.063999735
2286,81.3405639721
2287,114.808566474
2288,134.468727639
2289,158.36858018
2290,39.4976841273
2291,39.3892010642
2292,123.999467716
2293,105.870400965
2294,132.766999795
2295,45.2397613547
2296,108.568301034
2297,101.911296532
2298,44.7160861433
2299,46.1394363763
2300,78.8723288689
2301,114.413580932
2302,115.523769713
2303,79.0197926088
2304,121.990887363
2305,119.15207167
2306,125.547940284
2307,103.699188243
2308,85.3525735128
2309,114.654848539
2310,181.371467819
2311,41.8976117042
2312,60.8147316355
2313,43.5083695975
2314,135.847707749
2315,97.9463068183
2316,127.401515764
2317,96.6767260057
2318,91.1298693841
2319,37.091389289
2320,119.992005509
2321,89.7497226295
2322,122.327626785
2323,35.1914729176
2324,125.501665521
2325,106.315619891
2326,37.3706716981
2327,129.065073949
2328,66.5862564776
2329,187.196100348
2330,41.6027522611
2331,126.182888345
2332,44.9109607656
2333,50.7452415619
2334,41.5706734184
2335,26.8994189023
2336,108.497603919
2337,125.108875234
2338,39.2925196613
2339,140.028428504
2340,134.976466701
2341,34.8648214591
2342,38.1700551844
2343,39.8091882533
2344,119.3648325
2345,33.452913351
2346,52.8134531816
2347,31.887690514
2348,49.3876364575
2349,113.175039385
2350,51.3626674909
2351,63.5386366059
2352,41.9623444604
2353,123.703149406
2354,117.225028824
2355,38.0591223108
2356,123.328575495
2357,78.4791126405
2358,61.7307320566
2359,36.2322369159
2360,118.535414382
2361,104.747304279
2362,38.4504364504
2363,105.182665502
2364,47.5496092448
2365,38.8216420175
2366,100.738749121
2367,165.052951766
2368,105.559506126
2369,112.794293436
2370,102.629611588
2371,120.620703307
2372,36.5478560771
2373,108.363597625
2374,42.9017833476
2375,55.3971771138
2376,111.977179344
2377,140.48121939
2378,121.474379024
2379,113.578648137
2380,43.5194792208
2381,111.846160113
2382,120.930888753
2383,36.1680125317
2384,110.436664646
2385,39.6728954149
2386,133.600122457
2387,134.79709043
2388,43.2928481787
2389,109.22152986
2390,113.818425396
2391,112.12791446
2392,53.1312491388
2393,66.339661477
2394,44.4235121946
2395,27.0754677221
2396,43.5192431144
2397,134.427278408
2398,118.457404531
2399,125.49629313
2400,123.633441452
2401,150.911051144
2402,16.7439744987
2403,46.8949360208
2404,39.8236023191
2405,83.2615604727
2406,133.373625516
2407,41.182769947
2408,95.1563471141
2409,115.076542894
2410,96.9372654909
2411,160.8586254
2412,61.4438139206
2413,105.963681922
2414,107.164199039
2415,51.9421710512
2416,124.532358786
2417,181.148320262
2418,106.13365925
2419,179.374581851
2420,146.074122372
2421,113.751407871
2422,91.529182805
2423,33.6330294325
2424,80.7164435137
2425,60.2179292448
2426,79.7637134455
2427,41.4682239343
2428,72.3306501457
2429,45.6062980739
2430,135.523795485
2431,118.380191506
2432,43.9050322216
2433,121.040429369
2434,42.6791258611
2435,76.0156045761
2436,108.430991416
2437,99.6905761067
2438,112.269475472
2439,111.95598495
2440,117.086899609
2441,44.550083616
2442,110.560825056
2443,44.1432690579
2444,107.593584444
2445,112.682636751
2446,87.6917854792
2447,112.172575679
2448,118.086235216
2449,102.708913473
2450,172.007562465
2451,133.678101391
2452,34.4291226217
2453,118.699992465
2454,112.827708578
2455,101.177378864
2456,50.5207106283
2457,106.655822316
2458,57.1194016948
2459,128.727075371
2460,107.980884322
2461,59.1660595322
2462,58.4776656341
2463,88.3554603553
2464,32.6864485432
2465,50.394033992
2466,38.5695646382
2467,32.0041571102
2468,41.5775413656
2469,31.1497519602
2470,110.094623876
2471,41.8516989053
2472,112.692853806
2473,115.432718701
2474,77.4398317749
2475,59.0777851328
2476,52.7156462517
2477,41.2606625778
2478,114.641665813
2479,39.9331191684
2480,31.4659448147
2481,90.9887269898
2482,115.230803148
2483,61.1539588737
2484,118.098382578
2485,81.4328679934
2486,88.1042732772
2487,46.5015066684
2488,130.143427761
2489,113.75138894
2490,145.342193013
2491,111.006188508
2492,132.724393321
2493,116.082965515
2494,95.5740779509
2495,42.956538075
2496,112.103496164
2497,43.9407759293
2498,26.1464896399
2499,44.1811675404
2500,40.1671432917
2501,87.2930975796
2502,120.070121654
2503,124.161114183
2504,43.1344761862
2505,47.2168086436
2506,107.6935507
2507,49.3204818449
2508,130.93286546
2509,92.3923610849
2510,48.6150798317
2511,38.0346481148
2512,128.782933079
2513,96.8213147902
2514,42.5737460459
2515,117.471974719
2516,34.647376198
2517,27.8315083332
2518,181.033238669
2519,40.8004952633
2520,123.720684067
2521,122.557450717
2522,45.5039589001
2523,156.523328274
2524,56.4681612865
2525,42.4166972917
2526,100.899349379
2527,123.895133361
2528,77.8591588023
2529,115.166923373
2530,105.440046313
2531,128.855065257
2532,118.640467371
2533,126.822252283
2534,118.788133224
2535,88.4983334337
2536,123.163203604
2537,105.951900242
2538,46.4988730547
2539,106.205693911
2540,43.6134066727
2541,182.887634866
2542,45.3168494106
2543,120.598574893
2544,188.470048481
2545,118.207269811
2546,48.7239905657
2547,108.247700507
2548,125.22789924
2549,44.3939444121
2550,121.097546115
2551,103.271752708
2552,67.1179971046
2553,49.4764458977
2554,133.530561656
2555,79.0387083905
2556,108.179282939
2557,111.398013097
2558,54.8707193318
2559,139.130231777
2560,37.7597311856
2561,116.887287635
2562,110.820400746
2563,36.0349524704
2564,117.715430901
2565,100.373022027
2566,44.1598821175
2567,126.808260363
2568,175.716186089
2569,114.98466104
2570,121.009495129
2571,58.1573060424
2572,121.559043899
2573,123.632816501
2574,123.498293468
2575,191.599464481
2576,125.363733337
2577,107.948426617
2578,36.3535948459
2579,124.097594052
2580,106.080028488
2581,98.7202400626
2582,42.1101451931
2583,131.751754219
2584,111.183624701
2585,191.46073645
2586,182.317334621
2587,129.786620569
2588,86.6583690483
2589,35.1496178584
2590,133.012507982
2591,116.096878263
2592,133.975031623
2593,115.548070927
2594,40.1014243885
2595,107.142250094
2596,113.826609498
2597,66.9374058235
2598,131.842128029
2599,40.5111906954
2600,111.867401753
2601,54.4955196837
2602,149.840205737
2603,37.1690863796
2604,38.5659586975
2605,42.9447128703
2606,44.5260105786
2607,50.6271822057
2608,112.175335568
2609,48.206294597
2610,155.083005924
2611,38.3739398475
2612,43.4451578443
2613,102.780766954
2614,42.1427708736
2615,186.833442967
2616,77.3884740686
2617,118.469134325
2618,62.6118669655
2619,48.8326369232
2620,43.5970601921
2621,111.881601078
2622,65.4502613729
2623,119.571322742
2624,130.003709559
2625,41.3761049065
2626,36.4963434664
2627,112.476437002
2628,34.2375424171
2629,46.7289185063
2630,50.4567845685
2631,104.467421196
2632,39.9753093503
2633,44.9407580415
2634,149.638856942
2635,37.2956953127
2636,116.178527077
2637,115.909790469
2638,134.858262731
2639,68.0882706098
2640,153.728563983
2641,46.2700249524
2642,119.471846466
2643,48.3563766079
2644,126.520817329
2645,115.068956989
2646,41.4232376783
2647,112.707960164
2648,43.7607764349
2649,41.3060522741
2650,179.259101217
2651,104.955394321
2652,126.617894858
2653,90.2226033465
2654,187.682297473
2655,116.221769768
2656,105.461839048
2657,125.145000556
2658,100.983659958
2659,77.618522229
2660,42.2122796804
2661,42.8987451369
2662,106.00909662
2663,110.134571699
2664,135.534786295
2665,122.922211936
2666,103.910755557
2667,110.393420599
2668,120.016101486
2669,55.6976666991
2670,131.550210244
2671,72.6263652755
2672,129.199258498
2673,111.680955498
2674,119.346116684
2675,39.7549827406
2676,64.8201673332
2677,38.2418904634
2678,41.1070672159
2679,38.3610505412
2680,27.020099299
2681,132.852574797
2682,128.706949991
2683,38.2639771256
2684,108.830130658
2685,130.096439344
2686,36.0753862721
2687,111.945850597
2688,41.4928411443
2689,108.551727351
2690,36.0746847826
2691,39.6376051799
2692,122.772469154
2693,72.9341273925
2694,87.8317422293
2695,38.7010615127
2696,45.6474850271
2697,143.991560608
2698,115.164640988
2699,112.761881835
2700,140.24716668
2701,146.188799534
2702,105.707808266
2703,84.2501029545
2704,42.5144139576
2705,41.323632406
2706,107.997998754
2707,56.45953816
2708,132.230987702
2709,124.791007263
2710,40.8432006808
2711,41.9018275523
2712,106.695207229
2713,194.108772044
2714,113.798850005
2715,132.208612921
2716,111.637276801
2717,133.818718495
2718,134.323626333
2719,43.5163607175
2720,44.4862535498
2721,155.932055022
2722,127.61637989
2723,16.7209241851
2724,112.140414824
2725,110.089802688
2726,39.156285985
2727,114.7954851
2728,127.186133471
2729,149.221199054
2730,129.31367364
2731,131.606067443
2732,45.742132771
2733,44.0644303408
2734,134.113086231
2735,185.38769882
2736,118.26663986
2737,31.539994523
2738,34.9831750647
2739,118.2259492
2740,184.991636612
2741,116.215770933
2742,66.6804579754
2743,100.868195255
2744,70.0430910473
2745,54.7809989241
2746,43.9270624635
2747,124.520293168
2748,96.5738545065
2749,107.892482911
2750,132.723894834
2751,111.733694206
2752,121.622876564
2753,36.1941602418
2754,131.492442335
2755,112.633701372
2756,32.7520237894
2757,111.500222972
2758,125.502936314
2759,120.48374724
2760,45.2404610789
2761,36.8642732043
2762,42.7947953675
2763,83.126196536
2764,110.290804134
2765,36.5553304439
2766,38.8331783913
2767,112.284735512
2768,112.359683703
2769,117.470287015
2770,125.597027133
2771,131.059970374
2772,64.3407777863
2773,101.34510282
2774,139.44434606
2775,109.743988788
2776,35.068110143
2777,128.972225453
2778,117.652843788
2779,58.0142938381
2780,85.8841783095
2781,37.9121697143
2782,47.0042537106
2783,110.264672937
2784,74.6537142521
2785,42.3991681265
2786,29.4277686169
2787,104.403750914
2788,140.602846318
2789,48.1189881908
2790,47.9299389005
2791,95.8721945352
2792,85.8217214746
2793,86.1317028042
2794,95.5226270543
2795,65.257196785
2796,130.046336276
2797,111.143237774
2798,39.918769639
2799,108.911548126
2800,144.049639181
2801,108.399513799
2802,154.331931924
2803,42.8055914647
2804,115.471678142
2805,15.7792844268
2806,133.784930911
2807,130.813118885
2808,121.829346753
2809,108.043967971
2810,40.3033784737
2811,45.5863456688
2812,115.253635609
2813,43.1232145345
2814,94.0605730211
2815,103.604360696
2816,47.0249433251
2817,41.2141293537
2818,39.3529185284
2819,94.497363491
2820,36.6834181504
2821,111.964844871
2822,44.932450824
2823,131.873757422
2824,83.9322426973
2825,39.9163745378
2826,134.430996415
2827,28.1453480098
2828,90.9650025878
2829,119.487157268
2830,145.324682681
2831,37.4191706281
2832,114.799283266
2833,42.8336864523
2834,88.8657484662
2835,105.371404964
2836,41.5302114766
2837,111.542495652
2838,42.8044938062
2839,80.6543173909
2840,49.1665623517
2841,125.004113736
2842,25.0439465192
2843,40.9253746856
2844,58.1082180162
2845,115.121694826
2846,113.763175455
2847,60.9296601115
2848,49.1355862366
2849,42.6008053389
2850,107.01815354
2851,114.615596609
2852,57.5547523941
2853,36.8790537263
2854,22.1450492534
2855,42.2491199651
2856,56.5711944898
2857,48.0973486023
2858,45.8294454896
2859,114.273126009
2860,126.433035323
2861,39.3101310735
2862,71.3635651744
2863,104.042308833
2864,125.406480736
2865,29.7340023983
2866,108.984289608
2867,49.5913081269
2868,129.497449527
2869,125.936064627
2870,125.055685662
2871,38.984935524
2872,37.5721681759
2873,48.6097104238
2874,111.858395096
2875,77.7825513954
2876,41.8322302498
2877,72.7234387705
2878,45.960253061
2879,117.962174509
2880,122.539878682
2881,34.5010547648
2882,36.3815775629
2883,196.580860929
2884,37.99884163
2885,108.832631382
2886,36.3340267186
2887,186.526850118
2888,110.860269542
2889,50.1078453326
2890,127.079619129
2891,47.6311604294
2892,45.883676144
2893,45.686364677
2894,43.945577166
2895,109.513138223
2896,133.484983653
2897,109.926094284
2898,156.446481894
2899,77.4091609554
2900,111.639301662
2901,102.659561235
2902,112.662718947
2903,123.859828229
2904,95.4965213231
2905,119.827894616
2906,37.7367621048
2907,61.3192160652
2908,131.098216877
2909,106.227369753
2910,106.564409345
2911,176.357389717
2912,117.109403344
2913,56.0687178483
2914,105.637917702
2915,17.5751217952
2916,40.2039136226
2917,40.5826766113
2918,35.5359179242
2919,53.3315915135
2920,119.211906591
2921,55.5162829952
2922,160.779691264
2923,40.9687029027
2924,57.9113871075
2925,103.647933981
2926,179.300170049
2927,107.443965916
2928,38.4136224757
2929,52.7560999744
2930,41.6036326545
2931,123.061481198
2932,35.4278088768
2933,133.806783906
2934,110.545599557
2935,109.302768216
2936,86.8259737136
2937,75.382150051
2938,123.989049172
2939,41.6377142889
2940,130.046631857
2941,37.5795708901
2942,118.890402546
2943,118.634268789
2944,103.473040307
2945,52.2308491739
2946,80.8971823407
2947,39.9886504895
2948,141.163141332
2949,141.705138332
2950,79.6585765095
2951,126.207222614
2952,121.140081306
2953,114.950588453
2954,118.748941032
2955,51.5249921756
2956,116.688152796
2957,43.9234114764
2958,118.368611813
2959,45.3414930447
2960,105.546484462
2961,42.3830430473
2962,129.793137723
2963,57.9118728385
2964,38.745261638
2965,68.7443847101
2966,107.547394486
2967,117.70118355
2968,54.3985334677
2969,43.0562191993
2970,40.3451307248
2971,100.544093606
2972,78.3514943443
2973,104.632087106
2974,46.0373166057
2975,124.477329409
2976,120.18782674
2977,108.827236746
2978,111.608535232
2979,115.050351323
2980,40.5794206905
2981,110.967063911
2982,113.618485222
2983,144.215097881
2984,23.145410365
2985,101.508059012
2986,59.4605505903
2987,90.8937776945
2988,102.781334147
2989,190.297251764
2990,108.949082919
2991,105.669616664
2992,41.368255897
2993,43.152830653
2994,38.0967393008
2995,39.9546520616
2996,85.4655116526
2997,115.490981162
2998,37.8043125015
2999,102.842653425
3000,151.911995137
3001,126.070373081
3002,49.7564090266
3003,135.237108929
3004,61.3121782202
3005,113.559423231
3006,40.541871826
3007,16.1495591505
3008,121.99212606
3009,49.1214529386
3010,49.8612871368
3011,79.2850816605
3012,75.1403096355
3013,95.8270496165
3014,50.7041327959
3015,119.166084209
3016,133.343536146
3017,107.638674929
3018,125.692533712
3019,125.320964053
3020,116.880964056
3021,42.2179457747
3022,27.2277551451
3023,112.746113549
3024,48.2808473414
3025,38.7320343373
3026,150.827282182
3027,57.1990626863
3028,121.987662546
3029,177.229039279
3030,119.387374831
3031,86.6464868756
3032,115.298611213
3033,125.064697918
3034,48.7757146924
3035,81.9658966901
3036,75.3489339798
3037,53.5878708227
3038,47.1184826449
3039,80.1964333131
3040,30.4250755593
3041,106.858066683
3042,108.609297534
3043,118.761623705
3044,48.3114402078
3045,41.0036960892
3046,127.088717133
3047,49.9150633846
3048,115.346208505
3049,111.815149874
3050,115.370706498
3051,45.0084489447
3052,118.346763648
3053,123.076955246
3054,140.411263744
3055,31.8936492422
3056,49.3639038606
3057,111.989350918
3058,38.4560304501
3059,128.303593794
3060,118.470230071
3061,85.2947578305
3062,51.5208657566
3063,120.418895777
3064,54.486725242
3065,112.297178815
3066,39.1286571732
3067,192.631862998
3068,128.959247947
3069,158.361694818
3070,41.8528073137
3071,118.108246859
3072,38.0186252641
3073,100.871235765
3074,160.219942795
3075,110.898859522
3076,124.479426191
3077,112.708252821
3078,111.812920836
3079,114.482559002
3080,139.400609644
3081,40.0495447913
3082,46.3430384101
3083,146.661740061
3084,52.3911347905
3085,26.106569172
3086,100.630076283
3087,45.2673116297
3088,118.332766529
3089,121.914865736
3090,120.481017639
3091,125.563895291
3092,55.4205995852
3093,124.431807883
3094,55.6499475702
3095,44.4755535825
3096,48.5884743008
3097,17.2526484157
3098,107.932536559
3099,144.554105106
3100,63.9910744295
3101,88.4618388129
3102,179.995210855
3103,90.7714681698
3104,40.5359986506
3105,27.7657883015
3106,123.792778988
3107,138.722673212
3108,61.109490967
3109,158.25983246
3110,116.48749571
3111,96.0583949999
3112,152.389425179
3113,99.1287983199
3114,47.5710594853
3115,129.207305477
3116,186.199329346
3117,44.5095108481
3118,43.5957860555
3119,40.5961992236
3120,177.20330498
3121,48.2657954729
3122,78.8022573297
3123,44.506625975
3124,149.509977799
3125,36.9951610901
3126,122.274462094
3127,45.247710239
3128,76.423662278
3129,40.0525648991
3130,47.6458089538
3131,97.4526394578
3132,35.1463199146
3133,60.469777201
3134,45.4137983819
3135,99.2162600661
3136,146.287858144
3137,60.2868910647
3138,31.3554477943
3139,44.8159775957
3140,110.5904196
3141,115.030394239
3142,118.262889872
3143,81.2935495206
3144,81.3708697969
3145,36.0464611947
3146,109.214100697
3147,131.5604439
3148,49.146760527
3149,31.6999339772
3150,59.7124235198
3151,115.06529763
3152,143.946090288
3153,102.04962749
3154,115.644996879
3155,40.703461594
3156,48.5563494775
3157,128.432751167
3158,41.3897771497
3159,106.442346603
3160,40.3361501942
3161,125.234956247
3162,120.842769509
3163,37.4855236351
3164,106.599142054
3165,116.951222492
3166,117.263294712
3167,44.5543964127
3168,82.885461281
3169,110.001184155
3170,61.078812952
3171,109.782733251
3172,36.80396364
3173,38.1216857217
3174,110.319569238
3175,113.298635867
3176,185.11657887
3177,110.19087487
3178,47.6742527849
3179,125.696931148
3180,82.1217684214
3181,114.814704275
3182,117.347725013
3183,46.5263970569
3184,184.206073439
3185,125.197263313
3186,38.3551259286
3187,40.7237631164
3188,35.088411185
3189,51.1861527657
3190,124.997981941
3191,121.724371192
3192,126.579330776
3193,85.6916528782
3194,57.700824124
3195,110.809589651
3196,113.210749004
3197,179.221916565
3198,124.284561852
3199,126.728350108
3200,183.600358186
3201,104.853172803
3202,100.568560787
3203,40.6549166571
3204,114.107270952
3205,37.3577193593
3206,48.2179244188
3207,178.255729808
3208,39.3380076556
3209,108.340389023
3210,106.131153419
3211,38.4569373706
3212,113.4141664
3213,106.415206621
3214,40.3758081709
3215,48.6457128708
3216,91.1903374943
3217,131.888727543
3218,154.18569297
3219,115.364615327
3220,41.5127952137
3221,135.067583696
3222,105.515471776
3223,125.320757792
3224,190.438017644
3225,46.9908692854
3226,38.5972612464
3227,40.0122308521
3228,46.8869895578
3229,190.329832217
3230,117.171129271
3231,98.0425778798
3232,41.7855104295
3233,88.1769601024
3234,112.936032783
3235,116.427810259
3236,124.076681568
3237,194.288120553
3238,38.013952749
3239,108.476078864
3240,111.822693011
3241,41.4432477729
3242,116.369343251
3243,35.9178999552
3244,142.74992028
3245,42.392047164
3246,38.7345365919
3247,67.3156129785
3248,89.9875157542
3249,127.615084518
3250,109.598676911
3251,136.428490235
3252,103.248717703
3253,132.87119316
3254,113.39168706
3255,189.722495876
3256,41.526136435
3257,49.566523643
3258,45.0150549597
3259,103.133874444
3260,84.7685078776
3261,130.025685027
3262,132.114806062
3263,106.632449865
3264,114.253372586
3265,118.013532377
3266,43.8012530244
3267,63.1674654284
3268,117.322147878
3269,51.0860838904
3270,58.7179456364
3271,45.2860933796
3272,132.376412647
3273,144.517832465
3274,34.0968440168
3275,34.5401687638
3276,112.287650423
3277,109.933644685
3278,125.224004005
3279,96.761124331
3280,105.353691959
3281,41.5836060935
3282,41.9584204386
3283,43.4760151
3284,105.325574282
3285,107.386284473
3286,121.47169837
3287,47.8729072869
3288,123.767586924
3289,116.06663523
3290,40.96447767
3291,82.3370183091
3292,125.675839546
3293,46.4848225865
3294,120.789016478
3295,128.379552191
3296,44.7375222806
3297,109.297958838
3298,106.317366903
3299,44.3895077971
3300,111.587246067
3301,46.6602787684
3302,120.423053086
3303,35.6033715237
3304,37.6880210412
3305,37.8707893769
3306,133.744416612
3307,42.3298575543
3308,115.099048443
3309,124.829028639
3310,107.355304338
3311,102.94492696
3312,42.5038468336
3313,29.1927411648
3314,127.779671172
3315,110.907715156
3316,104.983058337
3317,60.1000083228
3318,130.377250752
3319,112.38719708
3320,43.0686650384
3321,36.372015287
3322,118.258278477
3323,146.881946257
3324,122.982426407
3325,131.138248001
3326,106.582658513
3327,117.288297617
3328,112.228927752
3329,162.559236086
3330,108.212616868
3331,124.118407089
3332,89.6664661274
3333,87.7510687041
3334,14.6930048293
3335,123.740467632
3336,154.463846134
3337,47.0434749411
3338,36.634701448
3339,40.2525266888
3340,62.7026467351
3341,115.55471675
3342,50.0859895794
3343,115.359817029
3344,124.970643317
3345,39.9292573871
3346,37.8079549374
3347,102.580905488
3348,41.4631547095
3349,42.7920326926
3350,42.4647512575
3351,38.5252595242
3352,117.651361821
3353,79.6554403238
3354,90.9147817918
3355,147.38196976
3356,34.5567031463
3357,36.4710580959
3358,125.033166237
3359,44.7376382046
3360,50.5321363518
3361,107.732068871
3362,111.584813715
3363,155.800644365
3364,46.0417339829
3365,153.780977329
3366,118.65294962
3367,43.4340649237
3368,127.789278165
3369,56.1552752026
3370,62.458424645
3371,51.4100698823
3372,122.860391815
3373,152.284289974
3374,90.2082786959
3375,118.855116227
3376,115.458325264
3377,47.0320759627
3378,128.196071956
3379,47.0049850403
3380,40.0315699627
3381,87.1579237866
3382,35.5013949206
3383,34.4649619501
3384,53.8796893179
3385,102.966612863
3386,35.961311432
3387,117.289739162
3388,105.03872398
3389,108.352770337
3390,125.51194179
3391,126.212605633
3392,43.6761742093
3393,105.98461647
3394,125.955899927
3395,87.4941379383
3396,131.134773524
3397,121.540373088
3398,107.927190582
3399,32.160985384
3400,44.5321919493
3401,67.0040936971
3402,121.010517633
3403,122.04882677
3404,41.2351783691
3405,37.0103067559
3406,78.0836026845
3407,71.4654691225
3408,125.615991656
3409,154.511920656
3410,156.274349641
3411,46.8037394784
3412,123.839923945
3413,112.763669753
3414,107.242427898
3415,44.8792588624
3416,149.35769132
3417,106.318162121
3418,47.1097669338
3419,121.698925791
3420,117.632064728
3421,112.825456907
3422,73.1364406816
3423,113.172775894
3424,41.5052708407
3425,87.6692498812
3426,44.5439666037
3427,67.7643084516
3428,42.2376172764
3429,181.290653639
3430,133.045512898
3431,60.1004024845
3432,103.990824855
3433,33.8953823534
3434,112.748231824
3435,51.2490798608
3436,43.8791857108
3437,38.0389088564
3438,122.926028213
3439,182.767125766
3440,112.017257271
3441,37.6311248376
3442,45.4130271322
3443,148.904159565
3444,128.098444574
3445,132.312970488
3446,42.6733110311
3447,34.6643790787
3448,35.8950530753
3449,22.6999094047
3450,90.62899582
3451,42.0986020554
3452,115.513310826
3453,107.106634429
3454,46.248928792
3455,124.622112273
3456,136.784686935
3457,53.1403260467
3458,53.1846009338
3459,100.231954114
3460,49.8496040207
3461,126.057330191
3462,58.633222115
3463,45.871511327
3464,54.8507381003
3465,71.1434068039
3466,99.9224022745
3467,157.000535204
3468,45.1821368976
3469,39.1099877316
3470,48.5959518933
3471,43.003364974
3472,150.40430918
3473,116.480785561
3474,40.1396959589
3475,133.107064579
3476,40.1896411402
3477,134.38454876
3478,91.835885504
3479,42.198651117
3480,138.257488784
3481,37.9239234159
3482,30.4836928924
3483,110.458781194
3484,183.571096094
3485,39.503750748
3486,49.2672059616
3487,115.313405528
3488,111.325269402
3489,124.388557425
3490,35.1102366406
3491,119.513897206
3492,111.342403742
3493,104.354980267
3494,141.671219282
3495,41.9418884065
3496,108.239865389
3497,46.8373993658
3498,40.6768243765
3499,59.8844932303
3500,89.5043978067
3501,91.4544125164
3502,129.69635484
3503,79.7400047349
3504,26.5282535526
3505,39.2902807528
3506,33.1617943681
3507,123.315947443
3508,31.7984125227
3509,126.884799652
3510,24.6642984526
3511,50.4765874121
3512,42.9195229015
3513,118.58229595
3514,122.133508637
3515,24.7579341776
3516,141.348840831
3517,42.7568494295
3518,129.171458817
3519,41.275729679
3520,33.9594671749
3521,123.448760562
3522,124.832128909
3523,50.3535688576
3524,66.1377072188
3525,80.1056869467
3526,119.001270286
3527,100.623484858
3528,16.3674104761
3529,133.125162706
3530,47.9958783158
3531,44.0217005056
3532,126.847485293
3533,36.7550026706
3534,49.3482335128
3535,40.9968421586
3536,82.1019327804
3537,117.439144517
3538,87.8499868572
3539,127.055274096
3540,39.983892448
3541,112.939901702
3542,35.1643003426
3543,155.943762063
3544,179.334105665
3545,29.8056523845
3546,137.344155658
3547,48.1316793969
3548,124.621361229
3549,177.659097807
3550,94.5160502596
3551,114.74287075
3552,37.1179297217
3553,36.1833567239
3554,130.931306485
3555,102.485592977
3556,42.1494457953
3557,124.939803471
3558,44.3762962393
3559,30.7031986444
3560,119.513519679
3561,37.3254524267
3562,38.7375715736
3563,133.373745085
3564,43.6022431978
3565,27.5695977229
3566,34.0670962084
3567,78.4736884965
3568,116.096405034
3569,124.08862755
3570,188.566366078
3571,36.2429084101
3572,126.665316078
3573,95.668193138
3574,105.012932013
3575,63.9809634855
3576,52.7020602964
3577,39.2193103521
3578,38.1162749788
3579,44.8734618783
3580,120.626387207
3581,39.3662791646
3582,78.8539208093
3583,110.02321897
3584,47.5986496035
3585,87.2259012424
3586,128.298069806
3587,37.1008591025
3588,43.7352152288
3589,44.8835243555
3590,119.891877772
3591,37.3330845955
3592,56.9504689333
3593,125.969183009
3594,128.47770682
3595,28.4232278199
3596,85.2143053706
3597,102.765353006
3598,41.5210661409
3599,51.8785448353
3600,118.579039646
3601,118.573100031
3602,37.4055340359
3603,128.324248121
3604,130.550099157
3605,32.0758086658
3606,132.067041469
3607,185.911973937
3608,62.7899184078
3609,148.380772438
3610,39.1650873904
3611,51.2327334222
3612,117.000615611
3613,37.1884512411
3614,129.884050628
3615,125.196700734
3616,37.0901445995
3617,70.2239171074
3618,41.0983283586
3619,96.4712732193
3620,62.8122052479
3621,99.2249131588
3622,110.521623632
3623,118.91553413
3624,31.2617710178
3625,123.785767161
3626,42.5343755325
3627,132.439481344
3628,127.013700312
3629,104.855717051
3630,181.561324281
3631,47.507225295
3632,144.750251528
3633,115.038443539
3634,159.485500241
3635,120.718352012
3636,184.120102044
3637,129.102345983
3638,123.272049761
3639,133.682100523
3640,49.282797557
3641,41.7127430256
3642,57.4022380935
3643,116.989727518
3644,139.111956758
3645,102.388925399
3646,48.3961414399
3647,110.228537286
3648,44.7674707849
3649,117.516736932
3650,49.4746946603
3651,117.689449786
3652,36.2017148415
3653,119.394871007
3654,36.11374409
3655,83.8095944729
3656,43.6605363133
3657,100.006010417
3658,111.726123951
3659,51.1101909252
3660,34.4421229624
3661,131.256139009
3662,53.8742580285
3663,119.516698695
3664,110.736909679
3665,41.3892606578
3666,78.1527959987
3667,31.451683214
3668,178.351284079
3669,48.5126138282
3670,145.690029275
3671,112.318078033
3672,115.061502292
3673,87.1759804256
3674,185.519155469
3675,36.288672022
3676,39.5800893643
3677,135.787473135
3678,97.4775670297
3679,114.625716238
3680,40.2079832188
3681,138.337272533
3682,112.466842288
3683,125.963728856
3684,36.3060473266
3685,134.439508015
3686,121.193810324
3687,44.0057420303
3688,54.3163448338
3689,37.1010657546
3690,117.129952141
3691,111.934145532
3692,104.644520539
3693,121.462502396
3694,41.4042911375
3695,111.837065511
3696,13.4827107094
3697,185.081091335
3698,119.459102143
3699,42.0570513817
3700,33.7396957826
3701,131.799794623
3702,120.453270475
3703,37.4590152424
3704,81.6767284043
3705,39.0942168105
3706,106.892681065
3707,119.053354274
3708,40.8327292428
3709,124.892603316
3710,38.1207891533
3711,147.12437016
3712,164.056705322
3713,77.8788468487
3714,48.198016381
3715,40.5177129785
3716,42.9538569052
3717,33.7065588522
3718,100.324883338
3719,109.829909722
3720,128.364136586
3721,123.941317286
3722,58.6590951729
3723,44.2708257592
3724,100.994071717
3725,33.1690183149
3726,74.201943583
3727,47.2844515656
3728,135.282730526
3729,37.7491749609
3730,63.8981711576
3731,42.9859324471
3732,106.793530391
3733,131.776288607
3734,41.9275417158
3735,44.6671683362
3736,125.737733085
3737,112.897702376
3738,34.316582121
3739,48.0374430414
3740,43.117757133
3741,107.864494372
3742,42.1030166666
3743,106.280601714
3744,41.2913129069
3745,76.7651541239
3746,116.150184761
3747,108.407210943
3748,105.840149633
3749,106.650784286
3750,41.1512338779
3751,114.208492631
3752,121.23457072
3753,45.1137991433
3754,139.082764545
3755,36.3496353142
3756,140.001638543
3757,35.6448009703
3758,42.6841991591
3759,112.686309471
3760,43.9859578406
3761,45.2572586663
3762,110.685470916
3763,44.0593405479
3764,40.9037425596
3765,35.9746419443
3766,58.0183394914
3767,59.9148024823
3768,40.7521593674
3769,31.6934808365
3770,79.4918936896
3771,41.9657840573
3772,38.7389104419
3773,116.852689894
3774,110.262525937
3775,63.3138853067
3776,26.7905216827
3777,126.080237116
3778,93.0413532509
3779,37.8271041717
3780,63.5937097931
3781,118.27838039
3782,182.549758452
3783,132.147798546
3784,121.452121068
3785,182.094418355
3786,104.690385459
3787,75.0053189435
3788,119.212916236
3789,110.793153113
3790,115.241474848
3791,78.5597205671
3792,36.243484987
3793,112.974615983
3794,42.2688201084
3795,111.156183232
3796,35.6744997078
3797,114.968016744
3798,154.604920924
3799,110.869190537
3800,126.566000798
3801,139.541087399
3802,127.8990948
3803,98.2922687527
3804,31.6977343217
3805,45.9854699685
3806,117.995681291
3807,121.813650415
3808,74.6637285686
3809,102.360438863
3810,42.7475632634
3811,127.960802067
3812,157.103315406
3813,122.437276102
3814,38.4518569635
3815,177.179468343
3816,121.237266199
3817,185.038433103
3818,46.7747878215
3819,36.7041904956
3820,35.6755935243
3821,34.9058663612
3822,118.673264935
3823,40.5688626239
3824,86.2399159603
3825,51.3893147001
3826,46.2199660299
3827,68.6264159002
3828,115.608372911
3829,107.918673693
3830,43.4565585958
3831,121.455090161
3832,104.905729151
3833,120.10629692
3834,35.9388280789
3835,122.988551963
3836,45.3731195983
3837,123.372192081
3838,44.872154536
3839,126.766547477
3840,129.682513257
3841,36.3322352809
3842,89.4698008435
3843,114.003132518
3844,42.0251327122
3845,106.443554727
3846,122.57509932
3847,43.4615390518
3848,82.4704768603
3849,60.2598902564
3850,113.962698084
3851,110.653560429
3852,120.381032355
3853,148.998188749
3854,100.161644234
3855,25.4247831683
3856,40.1689160129
3857,138.216463393
3858,68.4105912852
3859,111.361842331
3860,47.2910301873
3861,118.048025292
3862,38.2544723097
3863,45.2065749274
3864,43.8901441245
3865,130.913653117
3866,40.1281570807
3867,39.3028726267
3868,119.177999002
3869,120.203022371
3870,190.216733183
3871,71.5208669191
3872,151.324088665
3873,105.519393999
3874,113.594195359
3875,105.921007506
3876,52.969578232
3877,103.739526068
3878,123.739143875
3879,41.6871041656
3880,36.3492205317
3881,89.1527904581
3882,44.3738086691
3883,114.442997919
3884,36.8396729029
3885,86.0994691794
3886,179.984847028
3887,102.814220081
3888,115.33565333
3889,134.413680658
3890,127.993865177
3891,116.819417795
3892,133.261931562
3893,41.2788215639
3894,115.629639551
3895,65.6146005124
3896,35.6073855509
3897,105.405193276
3898,100.763834022
3899,42.1079498509
3900,33.2635761831
3901,39.9488349804
3902,109.417263726
3903,104.216209127
3904,118.598161722
3905,86.961450928
3906,44.4920750624
3907,114.381701511
3908,50.7695824458
3909,132.432057731
3910,43.1299685187
3911,126.904192578
3912,105.997228046
3913,41.3377307254
3914,109.892757165
3915,64.459991122
3916,121.886237269
3917,132.052606011
3918,99.7220267309
3919,101.486699579
3920,40.0647819267
3921,37.1770749376
3922,49.8378904456
3923,116.264366708
3924,120.766458583
3925,39.1138972427
3926,177.821747051
3927,107.10846861
3928,113.251359303
3929,87.2646430528
3930,44.683496828
3931,42.1444428596
3932,115.412792199
3933,116.532437554
3934,40.8728285093
3935,56.5923671579
3936,175.097761542
3937,122.384931153
3938,104.608589902
3939,105.908674596
3940,40.4699773071
3941,78.7166419143
3942,124.007647027
3943,50.2668030478
3944,103.437561761
3945,27.6779894334
3946,127.029184455
3947,83.1296177604
3948,55.733894827
3949,85.4776068887
3950,153.992785571
3951,187.023827579
3952,110.150767857
3953,82.0225437284
3954,45.4146766403
3955,37.4209335546
3956,128.588336979
3957,110.897413511
3958,124.762753213
3959,111.430143779
3960,80.7382691159
3961,72.2696497823
3962,38.1708851495
3963,65.9428812945
3964,136.385384291
3965,43.5788858509
3966,36.2228090606
3967,27.3181642992
3968,112.83796983
3969,107.968501136
3970,109.73919354
3971,57.7216815339
3972,39.2216000235
3973,77.9196372162
3974,117.891364482
3975,121.210872327
3976,41.4792276306
3977,110.485172957
3978,41.7798522627
3979,175.058511035
3980,29.6833692025
3981,116.22461528
3982,77.1365918716
3983,76.4231147433
3984,113.612233084
3985,88.4921708657
3986,95.003106887
3987,37.1610381126
3988,45.4191864917
3989,80.8921699752
3990,36.1348967105
3991,94.7274954769
3992,131.912467795
3993,35.1818531638
3994,152.065065844
3995,127.984475504
3996,44.2866145037
3997,36.2360233674
3998,78.6022848048
3999,120.641925728
